19538;1;Afghanyar;Ayub;;Ing.&Kfz-Sachverständigenbüro;;Mainz
24360;9;Ahmad;Kaleem;;Kfz-Sachverständigenbüro;;Frankfurt am Main
28384;1;Amey;Jürgen;;Herrn;Sachverständiger;Darmstadt
29137;0;Andres;Michael;;Sachverständigenbüro;;Birstein
26452;0;A-Quadrat Sachverständigenbüro;;Ahmet Akyüz;Firma;;Maintal
14730;4;Assekuranz, Service- und Sachverständigengesellschaft mbH;;;Firma;;Sundern
5536;0;Auer und H. Dittmann;Friedrich;;Sachverständigenbüro;;Frankfurt
32842;4;AUEXP Sachverständigengesellschaft mbH;;;Firma;;Frankfurt
31245;9;Auto Expert SL GmbH;;;;;Großkrotzenburg
21726;9;AUTOEXPERT;;KFZ-Gutachter;;;Mainz
17300;1;Avci;Sebahattin;;KFZ-Sachverständigenbüro;;Frankfurt
23341;1;Behr;Christian;- Ingenieur- und Sachverständigenbüro -;Herrn;;Goldbach
13847;4;Beilfuss, Edelmeier & Partner;;;Sachverständigenbüro;;Oberursel
14581;0;Blam;Willi;;Sachverständigenbüro;;Hasselroth/Niedermittlau
11413;9;Bloedt;Karl-Heinz;;Sachverständigenbüro;;Schöneck
22714;1;Böning;;Kfz-Sachverständigen Büro;Herrn;;Kleinheubach
2819;9;Brunner GmbH;;;KFZ-Sachverständigenbüro;Sachverständige;Offenbach
29725;1;Burkhart;Christian;Akustikbüro Schwartzenberger und Burkart;Herrn;Sachverständiger;Offenbach
29474;4;C. Gielisch GmbH;;Sachverständige;Firma;;Frankfurt
11816;1;carexpert;;KFZ-Sachverständigen GmbH;;;Giessen-Wieseck
11533;9;carexpert KFZ-Sachverständigen GmbH;;;;;Walluf
15844;9;Cascone;Gennaro;;Sachverständigenbüro;;Rodgau
29966;4;Cobanoglu & MEK Ing.- und Sachverständigenbüro;;;Firma;;Dortmund
25240;1;Cvitkovic;Slavko;ASC Kfz-Sachverständigenbüro;Herrn;;Eschborn
18481;1;Danismann;;;Sachverständigenbüro;;Mannheim
23767;0;Del Fiore;;;Sachverständigenbüro;;Wiesbaden
33871;1;Dengler;Dennis;;Herrn;Sachverständiger;Langen
6756;9;Dengler;Kfz-Sachverständigenbüro D.;;;Sachverständiger;Offenbach
20758;9;Dittmann, Scheuren & Lehr GmbH & Co.KG;;;Sachverständigenbüro;;Bad Homburg
13897;0;Dockter,R.Dittrich & Kollegen;W.;;Sachverständigenbüro;;Groß-Zimmern
21662;1;Dondorf;Sven;Sachverständigenbüro für Kfz-Technik;Herrn;;Mühlheim
28030;0;Erol;Gökhan;;Smart Gutachter;;Offenbach a. Main
21234;1;Ersöz;Onur;MY-KFZ-Sachverständigenbüro;Herrn;;Gießen
22339;4;Eschmann Sachverständige;;;Firma;;Darmstadt
21465;1;Faizy;M. Yonus;Sachverständigen-Büro;Herrn;;Dietzenbach
30855;1;Färber;Dieter;;Herrn;Sachverständiger;Reichelsheim
2402;1;Fengler;Michael;;;KFZ-Sachverständiger;Frankfurt
26494;1;Ferdinand Wolf;;Sachverständigenbüro für KFZ.-Technik;Herrn;;Taunusstein
17460;1;Flinch;Georg;;KFZ- Sachverständigenbüro;;Oberursel
20892;2;Flohrer;Gudrun;;Frau;Sachverständiger;Schöneck
10595;1;Fraschini;Luigi;;KFZ-Sachverständigenbüro;;Mühlheim
24383;9;FSP Schaden- und Wertgutachterdienst GmbH;;Sachverständigenbüro Murat Albayrak;;;Eschborn
24519;9;FSP Schaden- und Wertgutachterdienst GmbH;;;;;Schwielowsee
18035;4;FSP Schaden-Wertgutacherdienst GmbH;;Sachverständigenbüro Friedrich Dudichum;Firma;;Langen
21080;9;Fuchs;Rene;- Sachverständigenbüro -;;;Wiesbaden
24744;1;Gourgé;Franc;KFZ-Sachverständigenbüro;Herrn;;Nackenheim
21278;9;GS KFZ-Sachverständigen Büro Gökhan Semercioglu;;;;;Griesheim
23359;4;Guck;Miles;;Kfz.-Sachverständigenbüro;;Seligenstadt
25489;1;Guntersdorf;Michael F.;- Sachverständigenbüro -;Herrn;;Bad Homburg
1377;9;Gutachter-/Schlichtungsstelle bei der Landesärztekammer;;;;;Frankfurt
89585;9;Gutachterausschuss für Grundstückswerte;;Mühlheim an der Ruhr;;;Mülheim an der Ruhr
89587;9;Gutachterausschuss für Grundstückswerte der Stadt Koblenz;;;;;Koblenz
89616;9;Gutachterausschuss für Grundstückswerte Rheinhessen-Nahe;;;;;Alzey
23744;1;Haas;Reinhold;Kfz-Sachverständigenbüro;Herrn;;Sulzbach
21397;9;Hahn;Bernd;;KFZ-Sachverständigenbüro;;Karlstadt
5939;9;Hallin GmbH;Jürgen;;KFZ-Sachverständigenbüro;Sachverständiger;Oberursel
17383;1;Happ;Hans-Georg;Sachverständigenbüro;Herrn;;Bürstadt
16300;9;Hartmann;Boris;;KFZ-Sachverständiger;;Groß-Gerau
15219;1;Haut;Lothar;Kfz-Sachverständiger;Herrn;Sachverständiger;Rosbach
9730;9;Haut GmbH & Co. KG;Joachim;;Kfz-Sachverständigenbüro;;Frankfurt
25199;0;Heidemann;Peter;;Sachverständiger;;Borken
21229;1;Herr;Thomas;KFZ Sachverständigenbüro;Herrn;;Hillesheim
23423;1;Hess;Karl-Heinz;- Sachverständiger -;Herrn;;Büdingen
16443;1;Heymann;Ralph;;Herrn;Sachverständiger Parkett;Reichelsheim
15078;9;Heyne;Christian;KFZ Sachverständigenbüro;;Sachverständiger;Hanau
17512;9;Hoffmann;Norbert;;Kfz-Sachverständigenbüro;;Neuberg
20335;1;Hoffmann;Norbert;- Sachverständigenbüro für Kfz-Schäden -;Herrn;;Langenselbold
27306;9;Hoffmann;Norbert;;Kfz-Sachverständigenbüro Hoffman;;Langenselbold
20392;2;Holtz;Dörte;Kfz-Sachverständigenbüro;Frau;;Heusenstamm
23453;1;Hrycak;Wolfgang A.;Bausachverständiger;Herrn;;Friedberg
20257;9;Hunger GmbH;;Büro Frankfurt;KFZ-Sachverständigenbüro;;Dortmund
29334;4;IBO Global Engineering GmbH;;Büro Obersthausen;KFZ-Sachverständigenbüro;;Obertshausen
32308;9;Ingenieur- u. Sachverständigenbüro24STD;;Herr Faramarz Sakhizada;;;Rodgau
3712;0;Kappes GmbH;Ingenieurbüro;;;Sachverständiger;Darmstadt
11858;1;Kaunzner-Elmer;Walter;;Herrn;Sachverständiger;Butzbach
17829;9;KB 3eich;;- Sachverständigenbüro -;;;Dreieich
25075;1;Keller;Klaus;Ingenieur & Sachverständigenbüro;Herrn;;Wilhelmsfeld
2311;9;Kettenring & Winkler;;;Sachverständigenbüro;Sachverständige;Frankfurt
26496;4;K-Expert24;;;Firma;;Frankfurt am Main
19131;9;Kfz - Sachverständigen Büro;;Sven Böning;;;Kleinheubach
21834;4;KFZ Sachverständigenbüro Levin GmbH;;;Firma;;Maintal
31644;4;Kfz.-Sachverständigenbüro Y. TOP;;;Firma;;Bestwig
33602;9;Kfz-Gutachter Kadi;;;;;Frankfurt am Main
29938;4;Kfz-Gutachter Kurt;;;Firma;;Dietzenbach
26462;9;KFZ-Gutachter Rhein-Main;;;;;Offenbach
33123;9;Kfz-Sachverständige Martin u. Karch;;;;;Weinheim
11216;9;Kfz-Sachverständigenbüro;;Richard Baumgärtner;;;Laufach
27772;4;KFZ-Sachverständigenbüro am Main;;;Firma;;Frankfurt
28054;0;KFZ-Sachverständigenbüro Cassese;;Martino Cassese;;;Hanau
30317;9;KfZ-Sachverständigenbüro De Luca;;;;;Hanau
33738;9;KFZ-Sachverständigenbüro De Paola;;;;;Hattersheim
17019;9;Kfz-Sachverständigenbüro Hans-Georg Happ;;;;Sachverständiger;Bürstadt
2645;9;KFZ-Sachverständigenbüro Kurpisz GmbH;;;Kfz-Sachverständigenbüro;;Rüsselsheim
31158;9;KFZ-Sachverständigenbüro Marc Toellner;;;;;Rosbach
14367;4;Kfz-Sachverständigenbüro Rodgau e.K.;;Udo H.K. Bruder;Firma;;Rodgau
31405;4;KFZ-Sachverständigenbüro Roth;;;Firma;;Kaiserslautern
31499;9;KFZ-Sachverständigenbüro Samadi;;;;;Bad Soden
19098;9;KFZ-Sachverständigenbüro Semercioglu;;;;Sachverständiger;Büttelborn
14366;4;KFZ-Sachverständigenbüro Steffen H.W.Kießlich;;;Firma;;Langen
32891;9;KFZ-Sachverständigenbüro Yüce;;;;;Karben
24687;9;KFZ-Sachverständigenbüro-Froschhausen;;B. Sc. Feim Sertolli;;;Seligenstadt
19977;9;KFZ-Sachverständiger Bürgel;;;;;Offenbach
20132;9;Kfz-Sachverständiger Bürgel;;Inh. Hakan Altan;;;Offenbach
24553;1;Khan;Qamar;Kfz-Sachverständigenbüro;Herrn;;Frankfurt am Main
16120;1;Kickuth;Thilo;Kfz-Sachverständiger;Herrn;;Hanau
13569;1;Kießlich;Steffen H.W.;;KFZ-Sachverständigenbüro;;Langen
24963;9;Kilic &  Kollegen;;;KHZ-Sachverständigenbüro;;Frankfurt
3275;9;Klaus von Streit und Kollegen;;;Sachverständigen-Büro;;Penzberg
7811;0;Klinger, Winfried Schröder;Georg;;Sachverständigenbüro;Sachverständiger;Neu-Isenburg
9175;0;Knöss;Thomas;;KFZ-Sachverständigenbüro;Sachverständiger;Egelsbach
7732;9;Köhler und Kollegen;Klaus;;Sachverständigenbüro;Sachverständiger;Dietzenbach
12078;9;Komp;;Sachverständigen-Büro;;Sachverständiger;Langen
20903;9;Kötan;Aykut;;Ingenieur- & Sachverständigenbüro;;Hanau
23438;1;Kowalski;Tobias;Kfz-Sachverständigenbüro Rödermark;Herrn;;Rödermark
22533;0;Krach;Jaroslav;Kfz-Gutachter;;;Offenbach
11915;9;Kraus;Peter;;KFZ-SV-Büro;Sachverständiger;Großkrotzenburg
32846;4;Krug Sachverständigen GmbH;;;Firma;;Saarwellingen
3620;9;Landesärztekammer Hessen K.d.ö.R.;;Gutachter- und Schlichtungsstelle;;;Frankfurt
2476;1;Langer;Helmut;Sachverständigenbüro für Elektrotechnik;;;Elsenfeld
8823;9;Laqua;;;Kfz - Sachverständigenbüro;;Mainhausen
25679;9;Leander;;Sachverständiger für Kfz-Schäden und Bewertung;;;Ober-Ramstadt
28492;4;Legitim;;Kfz-Gutachter;Firma;;Offenbach
18203;1;Leonhardt;Hans Gerd;- Sachverständigenbüro -;Herrn;Sachverständiger;Rennerod
27301;0;Lesina GbR;Ivica und Marko;;KFZ-Sachverständigenbüro;;Hattersheim
23223;9;Levin GmbH;;;KFZ Sachverständigenbüro;;Maintal
22266;4;Löhle;Ulrich;Unfallsachverständiger;Firma;;Freiburg
29290;0;Loshaj;Niman;;KFZ-Sachverständigenbüro;;Frankfurt am Main
15392;0;Maaß;Hans;;Sachverständigenbüro;Sachverständiger;Bad Homburg
30993;4;MainUnfallGutachter;;;Firma;;Seligenstadt
26217;4;Maklerexperten GmbH;;;Firma;;Neu-Isenburg
22021;9;Maurer;Karl-F.;;Sachverständigenbüro;;Bad Schwalbach
13636;1;Millitzer;Willi;;Ingenieurbüro für Verkehrsunfallanalyse;Sachverständiger;Seligenstadt
21728;9;MY-KFZ;;Sachverständigenbüro Yilmazoglu;;;Hanau
24275;4;MY-KFZ-Sachverständigen Büro Gießen;;;Firma;;Gießen
22048;9;MY-KFZ-Sachverständigen Büro Yilmazoglu;;;;;Offenbach
21955;4;MY-KFZ-Sachverständigenbüro Gießen;;;Firma;;Gießen
27370;9;Nedic;Dejan;;Kfz-Sachverständigenbüro;;Ober-Ramstadt
22451;9;NOA Sachverständigenbüro;;;;;Frankfurt am Main
11875;0;Olf GmbH;Helmut;;Ingenieurbüro;Sachverständiger;Darmstadt
21781;1;Onegin;Alfred;Sachverständigenbüro für das Zweiradwesen;Herrn;;Rüsselsheim
6883;9;Pauli & Partner;Ingenieurbüro;;;Sachverständiger;Bad Soden - Salmünster
26145;0;Pauli & Partner;Ingenieurbüro;KfZ-Sachverständige;;;Schlüchtern-Niederzell
7722;1;Plötz;Christian;Sachverständigenbüro für Straßenverkehrsunfälle;Herrn;;Schönefeld
3274;9;Pristaff & Rotltländer GmbH;;;Büro für Kraftfahrzeug-Technik;Sachverständige;Oberursel
30700;0;Profigutachter;;Herrn Volkan Celimi;;;Offenbach a. Main
7743;9;Rettinger & Kollegen;;KFZ-Sachverständigen-Büro;;Sachverständiger;Frankfurt
18277;1;Reuff;Jörg;;Herrn;Sachverständiger Gartenbau;Frankfurt
22159;9;Rhein Main Auto & Technik GmbH;;- Sachverständigenbürö -;;;Mühlheim
17749;9;Riehl;Dirk;Sachverständigenbüro;;;Glashütten
10220;1;Rottländer;Wolfgang;;Herrn Sachverständige;;Dietzenbach
13318;0;Ruf;Eberhard;;Sachverständigenbüro;;Miltenberg
27917;9;S.O.S. Sachverständigenbüro;;;;;Friedberg
19100;9;Sachverständigenbüro für Immobilienbewertungen;;Dipl.-Sachverständiger Oliver M. Margraf;;;Heusenstamm
26611;4;Sachverständigenbüro Holtz;;;Firma;;Obertshausen
27832;9;Sachverständigenbüro Kaatz;;;;;Darmstadt
29084;9;Sachverständigenbüro Mano;;;;;Rüsselsheim
27188;4;Sachverständigenbüro Michael Büche;;;Firma;;Obertshausen
22087;4;Sachverständigenbüro Rodgau e.K.;;;Firma;;Rodgau
26901;4;Sachverständigenbüro Strunk;;;Firma;;Bad Vilbel
28530;9;Sachverständigenbüro Tauber;;;;;Bad Soden-Salmünster
22342;4;Sachverständigen-Büro Winter;;;Firma;;Dreieich
25213;9;Sachverständigenbüro-Rosbach v.d.H.;;me. Dennis Gretzschel;;;Rosbach
31310;9;Sachverständiger Andreas Kitzinger;;;;;Wiesbaden
32751;9;Sachverständiger BAY;;;;;Offenbach a. Main
33805;9;Sachverständiger Lentino;;;;;Offenbach
31307;9;Sachverständiger Muhammet Sahin;;;;;Rüsselsheim
16345;0;Sahin;H.;;Sachverständigenbüro;;Frankfurt am Main
11618;1;Schilling;Roger;;Sachverständigenbüro;;Offenbach
28526;9;Schimmelpfennig + Becke;;;Sachverständigenbüro;;Düsseldorf
16315;9;Schimpf;Gerhard;;KFZ-Sachverständigenbüro;;Mühlheim
21849;1;Selzer;Klaus;Kfz-Sachverständiger;Herrn;;Darmstadt
13903;1;Sinn;Thomas;;Herrn;Sachverständiger Baum;Bad Vilbel
25449;9;Smart Gutachter;;;;;Offenbach
25542;1;Sorriento;Pietro;Kfz-Sachverständigenbüro;Herrn;;Offenbach
2996;1;Sponagel;H.-Jürgen;Kfz-Sachverständigenbüro;;Kfz-Sachverständiger;Bensheim
25251;1;Stabel;Christoph;Bau Werk Rat Stabel;Herrn;Sachverständiger;Frankfurt am Main
18923;0;Strohmenger;Kevin;;Sachverständigenbüro;;Offenbach
19701;9;SVBO Kfz Sachverständigen Büro Offenbach;;Karosseriebaumeister Giuseppe Zuriago;;;Offenbach
27153;4;SVS Sachverständigen-Stelle;;;Firma;;Frankfurt
21846;9;TPI Sachverständigen GmbH;;;;;Dreieich
17079;1;Trumpfheller;Ralf;Kfz-Sachverständigenbüro;Herrn;;Reinheim
32298;0;TÜV-Süd;;Herrn Bartosz Jakobsche;Sachverständigenbüro;;Frankfurt am Main
8882;1;van Amern;Gerhard;;Herrn;Sachverständiger;Offenbach
4482;1;Wagner;Michael;KFZ-Sachverständiger;Herrn;Sachverständiger;Freigericht
18347;1;Weber;Karl;Kfz-Sachverständiger;Herrn;;
2214;1;Werbach;Raimund;;Kfz-Sachverständigenbüro;;Langenselbold
15043;1;Wernigg;Marcel;;KFZ-Sachverständigenbüro;;Offenbach
18577;9;Winter;;- Sachverständigenbüro -;;;Seligenstadt
22496;0;Winter;;;Sachverständigenbüro;;Rodenbach
5628;9;Wüst & Fester;;;Ingenieurbüro;Sachverständiger;Offenbach
20439;1;Zimmermann;Hubert;;Herrn;Sachverständiger;Frankfurt
24446;1;Zoulas;Kiriakos;- Sachverständigenbüro -;Herrn;;Maintal
