32130;4;911er Klink GmbH;;Karosserie-Lackier-& Servicezentrum;Firma;;Hanau
3340;4;APSON Lackiertechnik GmbH;;;;;Offenbach
32157;4;Autohaus Acar GmbH;;;Firma;;Heilbronn
15640;4;Autohaus am Westbahnhof GmbH;;Uwe Seifert;Firma;;Frankfurt am Main
3341;4;Autohaus Auth;;;;;Flieden
26924;4;Autohaus Bayer GmbH;;;Firma;;Wiesbaden
14307;4;Autohaus Best GmbH;;;Firma;;Offenbach
19750;4;Autohaus Best GmbH;;;Firma;;Mühlheim
26896;4;Autohaus Brass;;;Firma;;Rodgau
22740;4;Autohaus Brass GmbH & Co. KG;;;Firma;;Offenbach
23614;9;Autohaus Bredler;;;;;Bad Vilbel
31039;4;Autohaus Bredler-Völkel;;;Firma;;Bad Vilbel
18117;9;Autohaus Degenhardt GmbH;;;;;Offenbach
30794;4;Autohaus Demircioglu;;;Firma;;Schelklingen
15163;9;Autohaus Dunker GmbH;;;;;Friedberg
22774;4;Autohaus Eichhorn Automotive GmbH;;;Firma;;Obernburg
28596;4;Autohaus Euler Mühlheim;;;Firma;;Mühlheim
5769;4;Autohaus Foerster GmbH;;;Firma;;Koblenz
6723;4;Autohaus Georg von Opel GmbH & Co.;;;Firma;;Offenbach
4336;4;Autohaus Gispa;;;Firma;;Offenbach
31129;9;Autohaus Hain am Ring GmbH;;;;;Gießen
29251;9;Autohaus Haitzler;;;;;Gernsbach
6951;4;Autohaus Hartmut Nieguth;;;Firma;;Hanau
14909;9;Autohaus Heberer GmbH;;;;;Seligenstadt
26196;9;Autohaus Hessengarage GmbH;;Niederlassung Dreieich;;;Dreieich
11508;9;Autohaus Hessengarage GmbH;;;;;Frankfurt
20278;9;Autohaus Jürgen Zeiger GmbH;;;;;Heusenstamm
23503;4;Autohaus Karlsohn GmbH;;;Firma;;Brühl
33831;4;Autohaus Kirchhain GmbH;;;Firma;;Kirchhain
20875;4;Autohaus Koch GmbH;;;Firma;;Schwäbisch Hall
29356;9;Autohaus Körbel GmbH;;;;;Nidderau
31095;4;Autohaus Krack GmbH;;;Firma;;Offenbach
21821;9;Autohaus Kramer;;;;;Olsberg
26948;4;Autohaus Kühnert GmbH & Co. KG;;BMW Vertragshändler;Firma;;Saalfeld/Saale
23971;4;Autohaus Künsebeck;;;Firma;;Halle Westfalen
4423;4;Autohaus Leo Steinbrecher GmbH;;;Firma;;Dietzenbach
23332;4;Autohaus Löw KFZ;;;Firma;;Offenbach
24644;4;Autohaus LUEG GmbH;;;Firma;;Bernsdorf
16688;9;Autohaus Luft GmbH;;;;;Eschborn
17088;9;Autohaus M.A.X GmbH;;Nutzfahrzeugzentrum Offenbach;;;Offenbach
15871;4;Autohaus Marnet Bad Nauheim GmbH;;;Firma;;Bad Nauheim
32507;9;Autohaus Marnet GmbH & Co. KG;;;;;Mainz-Kastel
6398;9;Autohaus MAX GmbH;;;;;Offenbach
26240;4;Autohaus Michel Weber;;;Firma;;Offenbach
28508;4;Autohaus MILZETTI GmbH;;;Firma;;Dreieich-Offenthal
21822;9;Autohaus NIX;;;;;Offenbach
9893;4;Autohaus Nordstern GmbH;;;Firma;;Frankfurt
15958;9;Autohaus Odenwaldring GmbH;;;;;Offenbach
23135;4;Autohaus Odenwaldring GmbH;;;Firma;;Offenbach
4094;4;Autohaus Pavillon;;Inh.: Herr Bayazit;;;Rüsselsheim
29603;4;Autohaus Roth GmbH;;;Firma;;Alpirsbach
7398;4;Autohaus Rückert GmbH;;;Firma;;Mosbach-Neckarelz
7401;4;Autohaus Saggio GmbH;;;Firma;;Offenbach
3531;4;Autohaus Schöntges GmbH;;;;;Braubach
23194;9;Autohaus Schrieber;;z. Hd. Herrn Dzenan Kanic;;;Hanau
21200;9;Autohaus Spindler GmbH & Co. KG;;Kreuzwertheim;;;Kreuzwertheim
23800;4;Autohaus Sportivo Marchi & Pero GbR;;;Firma;;Maintal
23603;4;Autohaus Sportivo Marchi & Pero GbR;;;Firma;;Maintail
20009;4;Autohaus Steinberg GmbH;;;Firma;;Dietzenbach
11479;4;Autohaus Visser & Kramm;;;Firma;;Seligenstadt
20727;9;Autohaus Winter GmbH & Co. KG;;;;;Hainburg
20488;4;Autohaus Winter GmbH & Co.KG;;;Firma;;Mühlheim
20294;9;Autohaus Zeiger;;;;;Heusenstamm
5001;4;Autohaus Zöller GmbH;;;Firma;;Oberursel
15499;9;Autolackiererei Reich GmbH;;Karosseriebau;;;Obertshausen/Hausen
28137;4;Autolackiererei Weismantel;;;Firma;;Mühlheim am Main
30271;4;Autowerkstatt - Monte Auto;;;Firma;;Frankfurt am Main
26798;4;Beckl Karosserie + Lack GmbH & Co.KG;;;Firma;;Maintal
29298;4;Berger Karosserie- und Fahrzeugbau GmbH;;;Firma;;Frankfurt am Main
7179;0;Buchsbaum;Klaus;;Autohaus;;Offenbach
32777;9;Casarino Autolackiererei;;;;;Rodgau
2877;9;Eßt Vertragswerkstatt;Reinhold;;Firma;;Augsburg
18659;9;Geiger & Liebsch;;;Autohaus;;Linsengericht
19123;1;Girsch;Peter;Kis Automobile und Werkstatt;Herrn;;Offenbach
3206;9;Gotta;;;Autohaus;;Dietzenbach
19817;4;Halfar GmbH;;Autolackierung und Karosseriebau;Firma;;Offenbach
3556;4;Hessengarage GmbH;;Niederlassung Dreieich;Autohaus;;Dreieich
33643;4;Hoell GmbH & Co. KG;;Karosseriefachbetrieb;Firma;;Hofheim
24792;4;HYUNDAI;;Autohaus Merz;Firma;;Mühltal
17619;1;Ismail;Jamal;Inhaber der Firma Autohaus Bad Homburg;Herrn;;Bad Homburg
29951;0;Kallis Werkstatt;;;;;Offenbach a. Main
28700;4;Karosseriebau Becker GmbH;;;Firma;;Bad Vilbel
27320;4;Karosseriebau Deutinger;;;Firma;;Offenbach
27375;4;Karosseriebau Hanselmann;;;Firma;;Frankfurt
28762;4;Karosseriebau Heinz;;;Firma;;Wehrheim
18550;4;Karosseriebau Mainhausen;;D. Sotiropoulos;Firma;;Mainhausen
24016;9;Karosseriebau Romano Ferrarese GmbH;;;;;Egelsbach
24629;4;Karosseriebau Stadlbauer GmbH;;;Firma;;Oberursel
32668;4;Karosserie-Fachbetrieb Hanselmann;;;Firma;;Frankfurt am Main
31626;4;Lackier- und Karosseriecenter GmbH;;;Firma;;Pfungstadt
14780;0;Lipps Karosserie- und Lackier-Center;;GmbH & Co. KG;Firma;;Mühlheim
20587;4;M + H Karosserie e. K.;;Inhaber Herr Zdravko Meglic;Firma;;Maintal
27525;4;M&S Karosserie & Lack;;;Firma;;Mainz
29948;9;Main Karosserie & Lackzentrum;;;;;Offenbach a. Main
26227;4;Meglic;Zdravko;M+H Karosseriebau e.K.;Firma;;Maintal
8257;0;Meisterbetrieb Jürgen Dettki;;Mechanische Werkstatt - Nähmaschinen;;;Mühlheim
17050;4;Nagel e. K.;;Karosserie- und Lackierzentrum;Firma;;Offenbach
14655;9;Nix GmbH;;;Autohaus;;Frankfurt am Main
16615;4;Noe-Stang;GmbH & Co Autohaus KG;Autohaus Noe-Stang Seligenstadt;Firma;;Seligenstadt
31901;4;PC Autohaus Neu-Isenburg GmbH;;;Firma;;Neu-Isenburg
27157;4;Prennig GmbH & Co.KG;;Karosserie & Lackierzentrum;Firma;;Dreieich
19701;9;SVBO Kfz Sachverständigen Büro Offenbach;;Karosseriebaumeister Giuseppe Zuriago;;;Offenbach
26239;4;Weber;Michel;Autohaus;Firma;;Offenbach
22814;4;Wrona Karosseriezentrum;;;Firma;;Bad Vilbel
